ticket,git_sha,baseline_id,case_id,backend,mode,input_tokens,output_tokens,concurrency,repetition,status,ttft_ms,tpot_steady_ms,tpot_boundary_ms,output_tokens_per_s,peak_memory_bytes,active_kv_bytes,allocated_kv_pool_bytes,load_ms,compile_capture_ms,reason
T00,0eea77a7ba216dfc79bf5d145ccf3ce76dd927da,T00-305bf8f9dc429f1af60e,length-4096,transformers,offline,4096,128,1,-1,warmup,937.5562658533454,30.398234683421574,38.30397675434748,26.033625428326626,9285254656,,,1904.6923629939556,,KV pages unavailable; rep=-1 includes cold compilation.
T00,0eea77a7ba216dfc79bf5d145ccf3ce76dd927da,T00-305bf8f9dc429f1af60e,length-4096,transformers,offline,4096,128,1,0,pass,319.1787339746952,29.942669697837637,37.951247207820415,30.174257883943763,9285254656,,,1904.6923629939556,,KV pages unavailable; rep=-1 includes cold compilation.
T00,0eea77a7ba216dfc79bf5d145ccf3ce76dd927da,T00-305bf8f9dc429f1af60e,length-4096,transformers,offline,4096,128,1,1,pass,318.79474222660065,29.896567018503056,37.817888210217156,30.228042919603872,9285254656,,,1904.6923629939556,,KV pages unavailable; rep=-1 includes cold compilation.
T00,0eea77a7ba216dfc79bf5d145ccf3ce76dd927da,T00-305bf8f9dc429f1af60e,length-4096,transformers,offline,4096,128,1,2,pass,319.17858123779297,29.92056655265125,37.867341128488384,30.20084397384548,9285254656,,,1904.6923629939556,,KV pages unavailable; rep=-1 includes cold compilation.
T00,0eea77a7ba216dfc79bf5d145ccf3ce76dd927da,T00-305bf8f9dc429f1af60e,length-4096,transformers,offline,4096,128,1,3,pass,318.75971611589193,29.951054760853626,37.88609138379494,30.17751057645869,9285254656,,,1904.6923629939556,,KV pages unavailable; rep=-1 includes cold compilation.
T00,0eea77a7ba216dfc79bf5d145ccf3ce76dd927da,T00-305bf8f9dc429f1af60e,length-4096,transformers,offline,4096,128,1,4,pass,318.84020660072565,29.95064462135945,37.998128620286785,30.165312983988343,9285254656,,,1904.6923629939556,,KV pages unavailable; rep=-1 includes cold compilation.
T00,0eea77a7ba216dfc79bf5d145ccf3ce76dd927da,T00-305bf8f9dc429f1af60e,length-16384,transformers,offline,16384,128,1,-1,warmup,2135.4500045999885,34.39748579902308,41.77882336080074,19.35098383226971,12480891392,,,1929.4348480179906,,KV pages unavailable; rep=-1 includes cold compilation.
T00,0eea77a7ba216dfc79bf5d145ccf3ce76dd927da,T00-305bf8f9dc429f1af60e,length-16384,transformers,offline,16384,128,1,0,pass,1469.388804398477,34.01794968937923,41.47902689874172,21.68909017819583,12480891392,,,1929.4348480179906,,KV pages unavailable; rep=-1 includes cold compilation.
T00,0eea77a7ba216dfc79bf5d145ccf3ce76dd927da,T00-305bf8f9dc429f1af60e,length-16384,transformers,offline,16384,128,1,1,pass,1469.0719218924642,34.017695704408524,41.43870336314043,21.69258278231436,12480891392,,,1929.4348480179906,,KV pages unavailable; rep=-1 includes cold compilation.
T00,0eea77a7ba216dfc79bf5d145ccf3ce76dd927da,T00-305bf8f9dc429f1af60e,length-16384,transformers,offline,16384,128,1,2,pass,1471.3742015883327,34.0724439593032,41.50818673272928,21.65780066292792,12480891392,,,1929.4348480179906,,KV pages unavailable; rep=-1 includes cold compilation.
T00,0eea77a7ba216dfc79bf5d145ccf3ce76dd927da,T00-305bf8f9dc429f1af60e,length-16384,transformers,offline,16384,128,1,3,pass,1472.652061842382,34.16442037892661,41.537537860373654,21.613844244183536,12480891392,,,1929.4348480179906,,KV pages unavailable; rep=-1 includes cold compilation.
T00,0eea77a7ba216dfc79bf5d145ccf3ce76dd927da,T00-305bf8f9dc429f1af60e,length-16384,transformers,offline,16384,128,1,4,pass,1473.9497331902385,34.20323568363009,41.647364820043244,21.58726213165935,12480891392,,,1929.4348480179906,,KV pages unavailable; rep=-1 includes cold compilation.
T00,0eea77a7ba216dfc79bf5d145ccf3ce76dd927da,T00-305bf8f9dc429f1af60e,length-32768,transformers,offline,32768,128,1,-1,warmup,4572.139611467719,40.78187099990568,47.663397900760174,12.988778738778365,16758761984,,,1580.4138332605362,,KV pages unavailable; rep=-1 includes cold compilation.
T00,0eea77a7ba216dfc79bf5d145ccf3ce76dd927da,T00-305bf8f9dc429f1af60e,length-32768,transformers,offline,32768,128,1,0,pass,3789.1832310706377,40.51583014994061,47.64395064363877,14.15676219142828,16758761984,,,1580.4138332605362,,KV pages unavailable; rep=-1 includes cold compilation.
T00,0eea77a7ba216dfc79bf5d145ccf3ce76dd927da,T00-305bf8f9dc429f1af60e,length-32768,transformers,offline,32768,128,1,1,pass,3793.2684430852532,40.54307580060725,47.5962416579326,14.14671560894282,16758761984,,,1580.4138332605362,,KV pages unavailable; rep=-1 includes cold compilation.
T00,0eea77a7ba216dfc79bf5d145ccf3ce76dd927da,T00-305bf8f9dc429f1af60e,length-32768,transformers,offline,32768,128,1,2,pass,3789.962218143046,40.48596350808761,47.48963558425506,14.164408356306788,16758761984,,,1580.4138332605362,,KV pages unavailable; rep=-1 includes cold compilation.
T00,0eea77a7ba216dfc79bf5d145ccf3ce76dd927da,T00-305bf8f9dc429f1af60e,length-32768,transformers,offline,32768,128,1,3,pass,3791.4493698626757,40.56425255423944,47.70837208877007,14.143222522756624,16758761984,,,1580.4138332605362,,KV pages unavailable; rep=-1 includes cold compilation.
T00,0eea77a7ba216dfc79bf5d145ccf3ce76dd927da,T00-305bf8f9dc429f1af60e,length-32768,transformers,offline,32768,128,1,4,pass,3795.170744881034,40.43151324315529,47.42327400793632,14.167364081914736,16758761984,,,1580.4138332605362,,KV pages unavailable; rep=-1 includes cold compilation.
T00,0eea77a7ba216dfc79bf5d145ccf3ce76dd927da,T00-305bf8f9dc429f1af60e,length-65536,transformers,offline,65536,128,1,-1,warmup,12455.75200393796,58.97942952911502,62.97507217774788,6.398056848117243,25319675392,,,2274.6966211125255,,KV pages unavailable; rep=-1 includes cold compilation.
T00,0eea77a7ba216dfc79bf5d145ccf3ce76dd927da,T00-305bf8f9dc429f1af60e,length-65536,transformers,offline,65536,128,1,0,pass,11128.03708203137,58.76195618683206,62.85216218481461,6.862476493576536,25319675392,,,2274.6966211125255,,KV pages unavailable; rep=-1 includes cold compilation.
T00,0eea77a7ba216dfc79bf5d145ccf3ce76dd927da,T00-305bf8f9dc429f1af60e,length-65536,transformers,offline,65536,128,1,1,pass,11129.320103675127,58.66566284592928,62.755050572256245,6.866510702447346,25319675392,,,2274.6966211125255,,KV pages unavailable; rep=-1 includes cold compilation.
T00,0eea77a7ba216dfc79bf5d145ccf3ce76dd927da,T00-305bf8f9dc429f1af60e,length-65536,transformers,offline,65536,128,1,2,pass,11125.627098605037,58.67838253366894,62.8541961312294,6.866798476696458,25319675392,,,2274.6966211125255,,KV pages unavailable; rep=-1 includes cold compilation.
T00,0eea77a7ba216dfc79bf5d145ccf3ce76dd927da,T00-305bf8f9dc429f1af60e,length-65536,transformers,offline,65536,128,1,3,pass,11139.907161705196,58.70157975004986,62.84947972744703,6.860612505471733,25319675392,,,2274.6966211125255,,KV pages unavailable; rep=-1 includes cold compilation.
T00,0eea77a7ba216dfc79bf5d145ccf3ce76dd927da,T00-305bf8f9dc429f1af60e,length-65536,transformers,offline,65536,128,1,4,pass,11126.156760379672,58.66373720346019,62.75080069899559,6.867779083131068,25319675392,,,2274.6966211125255,,KV pages unavailable; rep=-1 includes cold compilation.
T00,0eea77a7ba216dfc79bf5d145ccf3ce76dd927da,T00-305bf8f9dc429f1af60e,length-130944,transformers,offline,130944,128,1,-1,warmup,39963.99004012346,92.61677775897884,96.57811137537162,2.471722871465799,42428233216,,,1640.0381308048964,,KV pages unavailable; rep=-1 includes cold compilation.
T00,0eea77a7ba216dfc79bf5d145ccf3ce76dd927da,T00-305bf8f9dc429f1af60e,length-130944,transformers,offline,130944,128,1,0,pass,36295.589295215905,92.43233152665198,96.44408654421568,2.6614174795408116,42428159488,,,1640.0381308048964,,KV pages unavailable; rep=-1 includes cold compilation.
T00,0eea77a7ba216dfc79bf5d145ccf3ce76dd927da,T00-305bf8f9dc429f1af60e,length-130944,transformers,offline,130944,128,1,1,pass,36299.53204188496,92.60659412081752,96.70702790220578,2.6599018711248914,42428159488,,,1640.0381308048964,,KV pages unavailable; rep=-1 includes cold compilation.
T00,0eea77a7ba216dfc79bf5d145ccf3ce76dd927da,T00-305bf8f9dc429f1af60e,length-130944,transformers,offline,130944,128,1,2,pass,36300.86739175022,92.61040053596454,96.62892371416092,2.6598692540036932,42428159488,,,1640.0381308048964,,KV pages unavailable; rep=-1 includes cold compilation.
T00,0eea77a7ba216dfc79bf5d145ccf3ce76dd927da,T00-305bf8f9dc429f1af60e,length-130944,transformers,offline,130944,128,1,3,pass,36299.337577074766,92.41779506971527,96.57781813293695,2.6611891688941998,42428159488,,,1640.0381308048964,,KV pages unavailable; rep=-1 includes cold compilation.
T00,0eea77a7ba216dfc79bf5d145ccf3ce76dd927da,T00-305bf8f9dc429f1af60e,length-130944,transformers,offline,130944,128,1,4,pass,36296.68352473527,92.39013101406661,96.53662002334993,2.6615416741765396,42428159488,,,1640.0381308048964,,KV pages unavailable; rep=-1 includes cold compilation.
