job,backend,repetition,status,ttft_ms,mean_decode_ms,tpot_steady_ms,tpot_boundary_ms,output_tokens_per_s,peak_memory_bytes,new_captures,max_used_pages,free_pages_after,expected_free_pages
eager-130944-1,vllm,0,pass,72660.8297182247,59.15695730244785,59.05511621884735,59.91737072666486,1.5965320744030715,72238883328,0,26265,208150,208150
eager-130944-1,vllm,1,pass,72648.46840966493,58.39430999861458,58.262069002791705,59.381709434092045,1.5987100102770178,72238883328,0,26265,208150,208150
eager-130944-1,vllm,2,pass,72660.82311980426,57.46803610167635,57.367091873727205,58.2217530036966,1.600815031697563,72238883328,0,26265,208150,208150
eager-130944-1,vllm,3,pass,72697.12781719863,58.733744964766224,58.681325687627705,59.12514223406712,1.5968797215245836,72238883328,0,26265,208150,208150
eager-130944-1,vllm,4,pass,72659.19390786439,58.87958629599472,58.76156917241003,59.760780818760395,1.5972665052037134,72238883328,0,26265,208150,208150
eager-16384-1,vllm,0,pass,2302.284397184849,34.64339793784412,34.53255255174424,35.471043487389885,19.098767655959733,72252753408,0,4488,208473,208473
eager-16384-1,vllm,1,pass,2303.2655492424965,34.71222954002891,34.585589193739,35.65781079232693,19.071105271133312,72252753408,0,4488,208473,208473
eager-16384-1,vllm,2,pass,2303.04220225662,34.78107038944021,34.68925870921729,35.466597601771355,19.046925399329286,72252753408,0,4488,208473,208473
eager-16384-1,vllm,3,pass,2302.6862926781178,34.47050132649386,34.37183890491724,35.20718074093262,19.160399720404644,72252753408,0,4488,208473,208473
eager-16384-1,vllm,4,pass,2302.8735080733895,34.408228229877984,34.3194699713162,35.070956560472645,19.18256990450026,72252753408,0,4488,208473,208473
eager-32768-1,vllm,0,pass,6612.520897760987,37.22504482377232,37.13858683892925,37.8705977772673,11.287367399345236,72257278464,0,7896,208425,208425
eager-32768-1,vllm,1,pass,6614.441151730716,37.25082810058838,37.16690887397687,37.877424992620945,11.282202048422741,72257278464,0,7896,208425,208425
eager-32768-1,vllm,2,pass,6613.274794071913,37.29572626725426,37.191206730702625,38.076138806839786,11.277693794054649,72257278464,0,7896,208425,208425
eager-32768-1,vllm,3,pass,6611.172775737941,37.272406074651116,37.18208768571328,37.94678337872028,11.282727878405424,72257278464,0,7896,208425,208425
eager-32768-1,vllm,4,pass,6611.379163339734,37.05943752754861,36.96520057772951,37.76307341953119,11.309484530007701,72257278464,0,7896,208425,208425
eager-4096-1,vllm,0,pass,382.8903818503022,32.83391535047471,32.73827560977744,33.54802541434765,28.11454178107879,72255368704,0,2052,208508,208508
eager-4096-1,vllm,1,pass,388.15075904130936,32.59397361896873,32.49631826266913,33.323133612672486,28.271107980197364,72255368704,0,2052,208508,208508
eager-4096-1,vllm,2,pass,379.0032537654042,32.510628351780376,32.41669577047495,33.21199162552754,28.394858450610652,72255368704,0,2052,208508,208508
eager-4096-1,vllm,3,pass,385.577860288322,32.79734323695889,32.70239447010681,33.50629402945439,28.126637624525692,72255368704,0,2052,208508,208508
eager-4096-1,vllm,4,pass,378.1837932765484,32.63397607952356,32.53390683260347,33.38115978986025,28.301650619854524,72255368704,0,2052,208508,208508
eager-65536-1,vllm,0,pass,20998.74243605882,43.564954178598455,43.468911450223196,44.28207321713368,4.824453517673273,72247783424,0,14039,208331,208331
eager-65536-1,vllm,1,pass,20994.293405674398,43.609598783526835,43.51539291175349,44.313002626101174,4.8242322826034085,72247783424,0,14039,208331,208331
eager-65536-1,vllm,2,pass,20999.269403517246,43.71823580920931,43.645513659742264,44.26122785856327,4.820821348916908,72247783424,0,14039,208331,208331
eager-65536-1,vllm,3,pass,20996.72991130501,43.61551111989369,43.510008985841914,44.40326038748026,4.82365297436857,72247783424,0,14039,208331,208331
eager-65536-1,vllm,4,pass,20994.611660018563,43.54384680109935,43.45145310175472,44.23371975620588,4.825693247580426,72247783424,0,14039,208331,208331
graph-130944-1,vllm,0,pass,72642.42864307016,54.476947259656555,54.329607527636526,55.577083925406136,1.6088282407149317,72417398784,0,26265,208150,208150
graph-130944-1,vllm,1,pass,72637.17432972044,54.34116458622959,54.217920081490384,55.261390221615635,1.6092833825083035,72417398784,0,26265,208150,208150
graph-130944-1,vllm,2,pass,72641.65361225605,54.5618856604409,54.46485459937581,55.28638424972693,1.6086258774137643,72417398784,0,26265,208150,208150
graph-130944-1,vllm,3,pass,72651.25606395304,54.5555734640266,54.451452526596505,55.33300979683796,1.6084479929424556,72417398784,0,26265,208150,208150
graph-130944-1,vllm,4,pass,72648.27583357692,54.524239445999854,54.42310225251796,55.27939715733131,1.6085886546766859,72417398784,0,26265,208150,208150
graph-16384-1,vllm,0,pass,2301.907234825194,19.119817389571292,19.01383006978514,19.911189377307892,27.06056738116135,72290964480,0,4488,208473,208473
graph-16384-1,vllm,1,pass,2303.581547923386,19.091195720211257,18.985851651190647,19.877764768898487,27.07179230120757,72290964480,0,4488,208473,208473
graph-16384-1,vllm,2,pass,2303.9257107302547,19.146627350527,19.043414346275053,19.917284448941547,27.029577783005777,72290964480,0,4488,208473,208473
graph-16384-1,vllm,3,pass,2303.8122951984406,19.130250131051373,19.023094900018936,19.93034252276023,27.042105422781844,72290964480,0,4488,208473,208473
graph-16384-1,vllm,4,pass,2304.5942932367325,19.113519720322504,19.006987792506283,19.908958114683628,27.049778931331574,72290964480,0,4488,208473,208473
graph-16384-4,vllm,0,pass,6006.113601382822,70.27019168191596,70.67186243200142,67.27105008127789,33.89046057906194,72506671104,0,15220,208332,208332
graph-16384-4,vllm,1,pass,6005.454980302602,70.37861677121342,70.78163755691743,67.36939490462343,33.859884483430534,72506671104,0,15220,208332,208332
graph-16384-4,vllm,2,pass,6006.736966082826,70.40595022895498,70.80854858629338,67.39988249416153,33.83849601881151,72506671104,0,15220,208332,208332
graph-16384-4,vllm,3,pass,6012.560774572194,70.73955676210385,71.13629396813589,67.77725229039788,33.739882102580246,72506671104,0,15220,208332,208332
graph-16384-4,vllm,4,pass,6009.335822425783,70.9172626462303,71.29172773316635,68.12125666377445,33.696673306827435,72506671104,0,15220,208332,208332
graph-16384-8,vllm,0,pass,11017.341097118333,134.30483773713712,134.35906896899854,133.89991120590517,35.72741696171785,72596199424,0,29083,206461,206461
graph-16384-8,vllm,1,pass,11016.49032428395,134.35822372475096,134.41009005743712,133.97095510736108,35.7208603132553,72596199424,0,29083,206461,206461
graph-16384-8,vllm,2,pass,11015.745082404464,134.55945463011437,134.61189481936995,134.16790121700615,35.6889865938079,72596199424,0,29083,206461,206461
graph-16384-8,vllm,3,pass,11016.40187681187,134.470647203692,134.52253726115617,134.08320144129297,35.70001012712696,72596199424,0,29083,206461,206461
graph-16384-8,vllm,4,pass,11020.604015211575,134.53430573063662,134.58448566858092,134.15962886065245,35.69739151943305,72596199424,0,29083,206461,206461
graph-32768-1,vllm,0,pass,6598.834614269435,24.511444081706326,24.403664200300618,25.31620052953561,13.179839765236604,72317050880,0,7896,208425,208425
graph-32768-1,vllm,1,pass,6600.0203946605325,24.500379632190455,24.39228191672425,25.307509241004784,13.18014895365889,72317050880,0,7896,208425,208425
graph-32768-1,vllm,2,pass,6600.957778282464,24.53012971251499,24.415165817897236,25.388526792327564,13.173752731507705,72317050880,0,7896,208425,208425
graph-32768-1,vllm,3,pass,6599.119579419494,24.492547986662295,24.38461098686925,25.298477585117023,13.182721603109483,72317050880,0,7896,208425,208425
graph-32768-1,vllm,4,pass,6597.35619276762,24.509239824503425,24.40077394879024,25.31911836316188,13.182238644119778,72317050880,0,7896,208425,208425
graph-32768-4,vllm,0,pass,17105.857263319194,134.10739838805665,130.33972606353927,162.2393517444531,14.799216334642708,72699035648,0,27509,208151,208151
graph-32768-4,vllm,1,pass,17100.167526165023,134.19051817801642,130.41390529542696,162.38922770135105,14.79960005638108,72699035648,0,27509,208151,208151
graph-32768-4,vllm,2,pass,17090.1364563033,133.9387492474726,130.20996814676826,161.78031479939818,14.815916850224285,72699035648,0,27509,208151,208151
graph-32768-4,vllm,3,pass,17083.61839619465,133.52114395935118,129.73610811708826,161.78274491491416,14.845378008091261,72699035648,0,27509,208151,208151
graph-32768-4,vllm,4,pass,17095.040432643145,134.8574769107522,131.1102872922285,162.83649272906283,14.760587531744525,72699035648,0,27509,208151,208151
graph-32768-8,vllm,0,pass,31313.6441714596,271.94281397974044,267.34611980750094,306.26479713246226,15.184949021749386,73300816384,0,53651,206099,206099
graph-32768-8,vllm,1,pass,31304.82452677097,271.5525976235531,266.96203497080467,305.82879876407486,15.201160858118977,73300816384,0,53651,206099,206099
graph-32768-8,vllm,2,pass,31312.837140867487,271.98063077471096,267.38703059943094,306.2795120834683,15.182974172756062,73300816384,0,53651,206099,206099
graph-32768-8,vllm,3,pass,31312.497792416252,271.8629833415341,267.27882316897325,306.0913792966555,15.186857057615262,73300816384,0,53651,206099,206099
graph-32768-8,vllm,4,pass,31313.09854600113,271.9570433841945,267.3672565651941,306.22745163273066,15.183099167555536,73300816384,0,53651,206099,206099
graph-4096-1,vllm,0,pass,374.25314635038376,15.064781832354745,14.957242952992342,15.867738798260689,55.95663869462135,72278473728,0,2052,208508,208508
graph-4096-1,vllm,1,pass,374.26219787448645,15.037483330376036,14.92710127162614,15.86166936904192,56.04138370956846,72278473728,0,2052,208508,208508
graph-4096-1,vllm,2,pass,374.9536545947194,15.05487132084182,14.944530865510128,15.878746720651785,55.9703184632543,72278473728,0,2052,208508,208508
graph-4096-1,vllm,3,pass,374.13369957357645,15.067679404215081,14.96221002058259,15.855184135337671,55.95057918055133,72278473728,0,2052,208508,208508
graph-4096-1,vllm,4,pass,374.70779102295637,15.073032617040976,14.96842606658382,15.854094860454401,55.919921434548655,72278473728,0,2052,208508,208508
graph-4096-4,vllm,0,pass,1045.459902845323,34.979444057644,35.25095276875488,32.95217901468277,92.8053605232773,72359864320,0,5328,208473,208473
graph-4096-4,vllm,1,pass,1044.586630538106,34.906852121398906,35.18276697806349,32.84668785830339,92.97452007719853,72359864320,0,5328,208473,208473
graph-4096-4,vllm,2,pass,1043.8135324511677,34.97463438337243,35.24932304363964,32.92362572004398,92.83844636318145,72359864320,0,5328,208473,208473
graph-4096-4,vllm,3,pass,1044.7558166924864,34.95557890933623,35.23148522903544,32.89547838891546,92.86357103240755,72359864320,0,5328,208473,208473
graph-4096-4,vllm,4,pass,1044.4865121971816,35.01290611292082,35.2854441173674,32.97795567971965,92.7449846916123,72359864320,0,5328,208473,208473
graph-4096-8,vllm,0,pass,1754.912487929687,61.58614344619889,62.587077027793775,54.11250603695711,105.75822303663668,72059574272,0,10433,206736,206736
graph-4096-8,vllm,1,pass,1751.613902975805,61.48422958043323,62.4876728210698,53.99185338368019,105.9384111966518,72059574272,0,10433,206736,206736
graph-4096-8,vllm,2,pass,1754.1538450168446,61.83764866212251,62.85715966597699,54.22529983334243,105.42746419134167,72059574272,0,10433,206736,206736
graph-4096-8,vllm,3,pass,1751.4027196448296,61.36931807598407,62.369010418478865,53.90494858535627,106.10953828155876,72059574272,0,10433,206736,206736
graph-4096-8,vllm,4,pass,1751.4863181859255,61.228819503118906,62.228884489741176,53.76166760300597,106.2959585179485,72059574272,0,10433,206736,206736
graph-65536-1,vllm,0,pass,20983.926391229033,34.73766813949337,34.63849145087546,35.47818741450707,5.040238577898235,72345157632,0,14039,208331,208331
graph-65536-1,vllm,1,pass,20983.064774423838,34.71016011193512,34.61040623785396,35.4549890384078,5.041104298661043,72345157632,0,14039,208331,208331
graph-65536-1,vllm,2,pass,20980.48616014421,34.350365040985146,34.23115747448589,35.24044820417961,5.050706994883505,72345157632,0,14039,208331,208331
graph-65536-1,vllm,3,pass,20980.25498818606,34.67302951287097,34.56370335438156,35.48933149625858,5.042598932047056,72345157632,0,14039,208331,208331
graph-65536-1,vllm,4,pass,20981.861790642142,34.73584282057961,34.62138813587704,35.590437799692154,5.040695765178667,72345157632,0,14039,208331,208331
graph-65536-4,vllm,0,pass,53635.72420272976,325.55108656740094,321.88231478046094,352.94458257655305,5.314835226087711,73094664704,0,52084,207790,207790
graph-65536-4,vllm,1,pass,53641.96974807419,325.6013602088022,321.9406909192912,352.9343575704843,5.314068212689362,73094664704,0,52084,207790,207790
graph-65536-4,vllm,2,pass,53640.95730474219,326.04556559497036,322.37164745830734,353.47748768205446,5.31051085544316,73094664704,0,52084,207790,207790
graph-65536-4,vllm,3,pass,53653.990072896704,325.35702676702965,321.68323146054587,352.78803172210854,5.316892567600364,73094664704,0,52084,207790,207790
graph-65536-4,vllm,4,pass,53705.79752209596,327.6510194812967,324.0894809277961,354.2438406807681,5.295726870983995,73094664704,0,52084,207790,207790
graph-65536-8,vllm,0,pass,98983.61342493445,692.7124431501619,688.3439223602181,725.3307317150757,5.338749909446443,74720677888,0,102806,205366,205366
graph-65536-8,vllm,1,pass,98977.93713305146,692.8628517322124,688.4879854000507,725.5285203456879,5.337378183181062,74720677888,0,102806,205366,205366
graph-65536-8,vllm,2,pass,99029.57813686226,693.7371524844656,689.3556500383836,726.4523707485447,5.333108429683657,74720677888,0,102806,205366,205366
graph-65536-8,vllm,3,pass,99021.46974031348,697.7283873459633,693.3471497270928,730.4416282335296,5.3162277022531805,74720677888,0,102806,205366,205366
graph-65536-8,vllm,4,pass,99105.12127366383,694.3876819169941,690.0059479137001,727.104629141589,5.328310622653687,74720677888,0,102806,205366,205366
hf-130944,hf,0,pass,36301.29430256784,93.19378492811065,92.72034752315709,96.72878421843052,2.659082465537504,42428159488,,,,
hf-130944,hf,1,pass,36304.94881980121,93.02362339849782,92.54437511221373,96.60201060275237,2.660074724883307,42428159488,,,,
hf-130944,hf,2,pass,36307.901504449546,93.05004683858532,92.56966235781354,96.63691762834787,2.6597260310792192,42428159488,,,,
hf-130944,hf,3,pass,36296.81185632944,92.95721029437433,92.47287484218499,96.57358167072137,2.660991129398022,42428159488,,,,
hf-130944,hf,4,pass,36299.0056630224,93.08079759201665,92.5964523007029,96.69724243382613,2.6600018681073703,42428159488,,,,
hf-16384,hf,0,pass,1468.3281630277634,34.93643640063879,34.05531147395128,41.51550251990557,21.675607116046486,12480891392,,,,
hf-16384,hf,1,pass,1471.295466646552,35.07378346866041,34.20585308257224,41.55433035145203,21.60094759124736,12480891392,,,,
hf-16384,hf,2,pass,1471.8581605702639,34.84038974884457,33.963897672947496,41.38486391554276,21.707470050363742,12480891392,,,,
hf-16384,hf,3,pass,1471.152937039733,34.92495020132834,34.042340927823844,41.515099443495274,21.670594189877978,12480891392,,,,
hf-16384,hf,4,pass,1465.890632942319,34.94737291429925,34.0455506312927,41.68097929408153,21.67945672475436,12480891392,,,,
hf-32768,hf,0,pass,3791.769581846893,41.423089589600956,40.57473404931703,47.757477623720966,14.139737342169132,16758761984,,,,
hf-32768,hf,1,pass,3792.2955909743905,41.20002476513151,40.378866309765726,47.3313412318627,14.183298937983288,16758761984,,,,
hf-32768,hf,2,pass,3797.2739823162556,41.26396066120525,40.43263078866793,47.471223709483944,14.162743442254879,16758761984,,,,
hf-32768,hf,3,pass,3797.7808164432645,41.274955628190455,40.43731287155034,47.52935487776995,14.159761655134474,16758761984,,,,
hf-32768,hf,4,pass,3795.6499364227057,41.27295164200734,40.444612486421,47.457884003718696,14.163499103895052,16758761984,,,,
hf-4096,hf,0,pass,319.09578293561935,31.37483368591061,30.412990782809043,38.55659402906895,29.741852378444573,9285254656,,,,
hf-4096,hf,1,pass,318.1039607152343,31.880795933658213,30.97144255713959,38.67063447833061,29.310974258282815,9285254656,,,,
hf-4096,hf,2,pass,325.1756150275469,31.47948119701363,30.51611055187615,38.67264868070682,29.608590210594713,9285254656,,,,
hf-4096,hf,3,pass,318.6699179932475,31.57560492858408,30.60403886982905,38.82996483395497,29.56958868983605,9285254656,,,,
hf-4096,hf,4,pass,318.95101722329855,31.528192168966992,30.563718722467975,38.72959390282631,29.608852558509952,9285254656,,,,
hf-65536,hf,0,pass,11128.163795918226,59.543894611181706,59.05821758122848,63.17028310149908,6.848494769386141,25319675392,,,,
hf-65536,hf,1,pass,11134.402038529515,59.54444447282966,59.05995917107378,63.16193472594023,6.846184138438799,25319675392,,,,
hf-65536,hf,2,pass,11128.769251517951,59.56952379444453,59.08473849662447,63.18925401816765,6.847080544051013,25319675392,,,,
hf-65536,hf,3,pass,11130.366978235543,59.6042628524693,59.106384803141864,63.32175228744745,6.84488012221248,25319675392,,,,
hf-65536,hf,4,pass,11127.935733646154,59.63413793534979,59.142445413661854,63.30544209728638,6.844381293807264,25319675392,,,,
